train_loss,val_loss
14.2362060546875,9.649298667907715
9.218683242797852,8.213610649108887
8.5098295211792,7.984323024749756
8.22697639465332,8.073421478271484
8.282599449157715,8.001593589782715
